,Cliente_ID,Edad,Saldo,Activo,Nivel_de_Satisfaccion
count,5500.0,4947.0,5500.0,4949.0,4947.0
mean,2501.484,48.67212451991106,45514.96476545455,0.4990907253990705,3.006872852233677
std,1441.4788758860639,18.153812130203768,31144.554215020482,0.5000496960477434,1.4045854029822953
min,1.0,18.0,0.0,0.0,1.0
25%,1254.75,33.0,17504.4875,0.0,2.0
50%,2511.5,49.0,44955.119999999995,0.0,3.0
75%,3749.25,65.0,72498.0475,1.0,4.0
max,5000.0,79.0,99960.22,1.0,5.0
